<?xml version="1.0" encoding="UTF-8"?><?xml-stylesheet type='text/xsl' href='_UpgradeReport_Files/UpgradeReport.xslt'?><UpgradeLog>
<Properties><Property Name="Solution" Value="AutoInputOnsite">
</Property><Property Name="ソリューション ファイル" Value="H:\WINSHARE\AutoInputOnsite\AutoInputOnsite - 2010\AutoInputOnsite.sln">
</Property><Property Name="ユーザー オプション ファイル" Value="H:\WINSHARE\AutoInputOnsite\AutoInputOnsite - 2010\AutoInputOnsite.suo">
</Property><Property Name="Date" Value="2019年4月22日">
</Property><Property Name="Time" Value="11:48">
</Property></Properties><Event ErrorLevel="0" Project="" Source="AutoInputOnsite.sln" Description="ファイルは正常に H:\WINSHARE\AutoInputOnsite\AutoInputOnsite - 2010\Backup\AutoInputOnsite.sln としてバックアップされました。">
</Event><Event ErrorLevel="0" Project="" Source="AutoInputOnsite.suo" Description="ファイルは正常に H:\WINSHARE\AutoInputOnsite\AutoInputOnsite - 2010\Backup\AutoInputOnsite.suo としてバックアップされました。">
</Event><Event ErrorLevel="0" Project="AutoInputOnsite" Source="AutoInputOnsite\AutoInputOnsite.vbproj" Description="プロジェクト ファイルは正常に H:\WINSHARE\AutoInputOnsite\AutoInputOnsite - 2010\Backup\AutoInputOnsite\AutoInputOnsite.vbproj としてバックアップされました。">
</Event><Event ErrorLevel="0" Project="AutoInputOnsite" Source="AutoInputOnsite\AutoInputOnsite.vbproj.user" Description="プロジェクト ユーザー ファイルは正常に H:\WINSHARE\AutoInputOnsite\AutoInputOnsite - 2010\Backup\AutoInputOnsite\AutoInputOnsite.vbproj.user としてバックアップされました。">
</Event><Event ErrorLevel="0" Project="AutoInputOnsite" Source="AutoInputOnsite\ApplicationEvents.vb" Description="ファイルは正常に H:\WINSHARE\AutoInputOnsite\AutoInputOnsite - 2010\Backup\AutoInputOnsite\ApplicationEvents.vb としてバックアップされました。">
</Event><Event ErrorLevel="0" Project="AutoInputOnsite" Source="AutoInputOnsite\AutoImportCsv.Designer.vb" Description="ファイルは正常に H:\WINSHARE\AutoInputOnsite\AutoInputOnsite - 2010\Backup\AutoInputOnsite\AutoImportCsv.Designer.vb としてバックアップされました。">
</Event><Event ErrorLevel="0" Project="AutoInputOnsite" Source="AutoInputOnsite\AutoImportCsv.vb" Description="ファイルは正常に H:\WINSHARE\AutoInputOnsite\AutoInputOnsite - 2010\Backup\AutoInputOnsite\AutoImportCsv.vb としてバックアップされました。">
</Event><Event ErrorLevel="0" Project="AutoInputOnsite" Source="AutoInputOnsite\Com.vb" Description="ファイルは正常に H:\WINSHARE\AutoInputOnsite\AutoInputOnsite - 2010\Backup\AutoInputOnsite\Com.vb としてバックアップされました。">
</Event><Event ErrorLevel="0" Project="AutoInputOnsite" Source="AutoInputOnsite\Menu.Designer.vb" Description="ファイルは正常に H:\WINSHARE\AutoInputOnsite\AutoInputOnsite - 2010\Backup\AutoInputOnsite\Menu.Designer.vb としてバックアップされました。">
</Event><Event ErrorLevel="0" Project="AutoInputOnsite" Source="AutoInputOnsite\Menu.vb" Description="ファイルは正常に H:\WINSHARE\AutoInputOnsite\AutoInputOnsite - 2010\Backup\AutoInputOnsite\Menu.vb としてバックアップされました。">
</Event><Event ErrorLevel="0" Project="AutoInputOnsite" Source="AutoInputOnsite\PARAM.vb" Description="ファイルは正常に H:\WINSHARE\AutoInputOnsite\AutoInputOnsite - 2010\Backup\AutoInputOnsite\PARAM.vb としてバックアップされました。">
</Event><Event ErrorLevel="0" Project="AutoInputOnsite" Source="AutoInputOnsite\My Project\AssemblyInfo.vb" Description="ファイルは正常に H:\WINSHARE\AutoInputOnsite\AutoInputOnsite - 2010\Backup\AutoInputOnsite\My Project\AssemblyInfo.vb としてバックアップされました。">
</Event><Event ErrorLevel="0" Project="AutoInputOnsite" Source="AutoInputOnsite\My Project\Application.Designer.vb" Description="ファイルは正常に H:\WINSHARE\AutoInputOnsite\AutoInputOnsite - 2010\Backup\AutoInputOnsite\My Project\Application.Designer.vb としてバックアップされました。">
</Event><Event ErrorLevel="0" Project="AutoInputOnsite" Source="AutoInputOnsite\My Project\Resources.Designer.vb" Description="ファイルは正常に H:\WINSHARE\AutoInputOnsite\AutoInputOnsite - 2010\Backup\AutoInputOnsite\My Project\Resources.Designer.vb としてバックアップされました。">
</Event><Event ErrorLevel="0" Project="AutoInputOnsite" Source="AutoInputOnsite\My Project\Settings.Designer.vb" Description="ファイルは正常に H:\WINSHARE\AutoInputOnsite\AutoInputOnsite - 2010\Backup\AutoInputOnsite\My Project\Settings.Designer.vb としてバックアップされました。">
</Event><Event ErrorLevel="0" Project="AutoInputOnsite" Source="AutoInputOnsite\AutoImportNouhinsyo.Designer.vb" Description="ファイルは正常に H:\WINSHARE\AutoInputOnsite\AutoInputOnsite - 2010\Backup\AutoInputOnsite\AutoImportNouhinsyo.Designer.vb としてバックアップされました。">
</Event><Event ErrorLevel="0" Project="AutoInputOnsite" Source="AutoInputOnsite\AutoImportNouhinsyo.vb" Description="ファイルは正常に H:\WINSHARE\AutoInputOnsite\AutoInputOnsite - 2010\Backup\AutoInputOnsite\AutoImportNouhinsyo.vb としてバックアップされました。">
</Event><Event ErrorLevel="0" Project="AutoInputOnsite" Source="AutoInputOnsite\app.config" Description="ファイルは正常に H:\WINSHARE\AutoInputOnsite\AutoInputOnsite - 2010\Backup\AutoInputOnsite\app.config としてバックアップされました。">
</Event><Event ErrorLevel="0" Project="AutoInputOnsite" Source="AutoInputOnsite\My Project\Application.myapp" Description="ファイルは正常に H:\WINSHARE\AutoInputOnsite\AutoInputOnsite - 2010\Backup\AutoInputOnsite\My Project\Application.myapp としてバックアップされました。">
</Event><Event ErrorLevel="0" Project="AutoInputOnsite" Source="AutoInputOnsite\My Project\Settings.settings" Description="ファイルは正常に H:\WINSHARE\AutoInputOnsite\AutoInputOnsite - 2010\Backup\AutoInputOnsite\My Project\Settings.settings としてバックアップされました。">
</Event><Event ErrorLevel="0" Project="AutoInputOnsite" Source="AutoInputOnsite\Aubergine_Greenstuff_eggplant_96px_517477_easyicon.net.ico" Description="ファイルは正常に H:\WINSHARE\AutoInputOnsite\AutoInputOnsite - 2010\Backup\AutoInputOnsite\Aubergine_Greenstuff_eggplant_96px_517477_easyicon.net.ico としてバックアップされました。">
</Event><Event ErrorLevel="0" Project="AutoInputOnsite" Source="AutoInputOnsite\DLL\Interop.ADODB.dll" Description="ファイルは正常に H:\WINSHARE\AutoInputOnsite\AutoInputOnsite - 2010\Backup\AutoInputOnsite\DLL\Interop.ADODB.dll としてバックアップされました。">
</Event><Event ErrorLevel="0" Project="AutoInputOnsite" Source="AutoInputOnsite\DLL\Interop.MSXML2.dll" Description="ファイルは正常に H:\WINSHARE\AutoInputOnsite\AutoInputOnsite - 2010\Backup\AutoInputOnsite\DLL\Interop.MSXML2.dll としてバックアップされました。">
</Event><Event ErrorLevel="0" Project="AutoInputOnsite" Source="AutoInputOnsite\AutoImportCsv.resx" Description="ファイルは正常に H:\WINSHARE\AutoInputOnsite\AutoInputOnsite - 2010\Backup\AutoInputOnsite\AutoImportCsv.resx としてバックアップされました。">
</Event><Event ErrorLevel="0" Project="AutoInputOnsite" Source="AutoInputOnsite\Menu.resx" Description="ファイルは正常に H:\WINSHARE\AutoInputOnsite\AutoInputOnsite - 2010\Backup\AutoInputOnsite\Menu.resx としてバックアップされました。">
</Event><Event ErrorLevel="0" Project="AutoInputOnsite" Source="AutoInputOnsite\My Project\Resources.resx" Description="ファイルは正常に H:\WINSHARE\AutoInputOnsite\AutoInputOnsite - 2010\Backup\AutoInputOnsite\My Project\Resources.resx としてバックアップされました。">
</Event><Event ErrorLevel="0" Project="AutoInputOnsite" Source="AutoInputOnsite\AutoImportNouhinsyo.resx" Description="ファイルは正常に H:\WINSHARE\AutoInputOnsite\AutoInputOnsite - 2010\Backup\AutoInputOnsite\AutoImportNouhinsyo.resx としてバックアップされました。">
</Event><Event ErrorLevel="1" Project="AutoInputOnsite" Source="AutoInputOnsite\AutoInputOnsite.vbproj" Description="このプロジェクトは .NET Framework 2.0 または 3.0 に対応しています。プロジェクトで新しい .NET Framework を必要とするアセンブリを使用すると、ビルドに失敗します。[プロジェクト] メニューの [プロパティ] をクリックし、[.NET Framework] ボックスの一覧で新しいバージョンを選択することにより、.NET Framework のバージョンを変更できます。Visual Basic では、これは [コンパイル] タブの [詳細コンパイラ オプション] ボタンをクリックすると表示されます。">
</Event><Event ErrorLevel="0" Project="AutoInputOnsite" Source="AutoInputOnsite\AutoInputOnsite.vbproj" Description="プロジェクトは正常に変換されました。">
</Event><Event ErrorLevel="3" Project="AutoInputOnsite" Source="AutoInputOnsite\AutoInputOnsite.vbproj" Description="Converted">
</Event><Event ErrorLevel="0" Project="" Source="AutoInputOnsite.sln" Description="ソリューションは正常に変換されました">
</Event><Event ErrorLevel="3" Project="" Source="AutoInputOnsite.sln" Description="Converted">
</Event><Event ErrorLevel="0" Project="AutoInputOnsite" Source="AutoInputOnsite\AutoInputOnsite.vbproj" Description="スキャンが完了しました: プロジェクト ファイルにアップグレードは必要ありません。">
</Event></UpgradeLog>